original_overlay_path,archived_overlay_path,relative_file_path,size_bytes,sha256,phase25_relationship,source_verified,archive_verified
market_intelligence_v3_0_overlay,repository_root/market_intelligence_v3_0_overlay,docs/market_intelligence_v3_0.md,1414,6a861d16e27cbdac5037533e792a8182e6bb13b34cb07e454fe222e956c85d61,IDENTICAL,yes,yes
market_intelligence_v3_0_overlay,repository_root/market_intelligence_v3_0_overlay,scripts/fetch_historical_intelligence_sources.py,2721,6b0e33a780550b03c6501e100c36842bb431e53aa3ada072424741d1875e1285,DIFFERENT,yes,yes
market_intelligence_v3_0_overlay,repository_root/market_intelligence_v3_0_overlay,src/backtester/intelligence/historical_source_collector.py,6966,4114bb8a88f422349212b32607290563f70694543f202053148dc551a920240c,DIFFERENT,yes,yes
market_intelligence_v4_4_overlay,repository_root/market_intelligence_v4_4_overlay,docs/market_intelligence_v4_4.md,2320,31dfd62e79a5c2748ed4ce07d3c17660ca87050c5333cfbdc905f673efe61ba8,DIFFERENT,yes,yes
market_intelligence_v4_4_overlay,repository_root/market_intelligence_v4_4_overlay,scripts/sweep_ml_policy_strength.py,19497,69e84d9dc2f05f851f26d017600c5bc8734379f8dfafadbeff7afd25675fe3fb,DIFFERENT,yes,yes
market_intelligence_v4_5_overlay,repository_root/market_intelligence_v4_5_overlay,docs/market_intelligence_v4_5.md,2381,9c29a393f68b801f150ec993e0c99331c396dad9408a596c34e9051eb3b00fee,DIFFERENT,yes,yes
market_intelligence_v4_5_overlay,repository_root/market_intelligence_v4_5_overlay,scripts/apply_ml_policy_strength.py,10374,dfb27774642a44a28f2d56dac233044878c84a285497a94384e690bbbb8263ba,DIFFERENT,yes,yes
market_intelligence_v4_6_overlay,repository_root/market_intelligence_v4_6_overlay,docs/market_intelligence_v4_6.md,2517,4e4b7de8d23b64548582629e25d2af26a9439a19b70827aa8114240ac46096e5,DIFFERENT,yes,yes
market_intelligence_v4_6_overlay,repository_root/market_intelligence_v4_6_overlay,scripts/apply_ml_policy_strength.py,11201,151b6d661c24a9cef28b0607aed9c54982fadf83690adc0c541a0c8ddaf29b9a,DIFFERENT,yes,yes
market_intelligence_v4_6_overlay,repository_root/market_intelligence_v4_6_overlay,scripts/sweep_ml_policy_strength.py,20409,7352774f6baf110c216a8d1049bc8800c0a7a0d8cbc23f1df9a457c18a5a17d6,DIFFERENT,yes,yes
market_intelligence_v4_7_overlay,repository_root/market_intelligence_v4_7_overlay,docs/market_intelligence_v4_7.md,2524,e010e4c70bf22fabbeece237658b67ce49bdb1563b68966dc89c4d6d532b35dc,DIFFERENT,yes,yes
market_intelligence_v4_7_overlay,repository_root/market_intelligence_v4_7_overlay,scripts/validate_ml_policy_candidate.py,12258,1442233996c9ad773e1be6546534f5a629caa6acce6ed79c698c4416f1396155,DIFFERENT,yes,yes
market_intelligence_v4_8_overlay,repository_root/market_intelligence_v4_8_overlay,docs/market_intelligence_v4_8.md,3324,c1be7e1b1b81e4fe077acca6a976f09e777b1a9133782bba67caab3b347d3494,DIFFERENT,yes,yes
market_intelligence_v4_8_overlay,repository_root/market_intelligence_v4_8_overlay,scripts/permutation_test_ml_policy.py,11878,bb0bd0e784839a3e4c54414a707445b2601cc56029b8afd41d01b877032a9d46,DIFFERENT,yes,yes
market_intelligence_v4_9_overlay,repository_root/market_intelligence_v4_9_overlay,docs/market_intelligence_v4_9.md,4658,4fa7e9401d95545df9387b8f7401d5076be84803797e596b2a173738a91e086f,IDENTICAL,yes,yes
market_intelligence_v4_9_overlay,repository_root/market_intelligence_v4_9_overlay,scripts/run_multi_period_intelligence_research.py,6245,9a6dc3e53905765f9b0e2c5a089f250196ffcd46ddabf7cf44379d41218c69e9,DIFFERENT,yes,yes
market_intelligence_v4_9_overlay,repository_root/market_intelligence_v4_9_overlay,scripts/score_ml_research_gates.py,7076,b67a99f53cad8332a0d243b57fb724ac67de210522fbdab962b3ee50d66855b2,IDENTICAL,yes,yes
market_intelligence_v5_0_1_overlay,repository_root/market_intelligence_v5_0_1_overlay,docs/market_intelligence_v5_0_1.md,1829,ae0ac6dad794a6ea12df8df351f12205fcf6faf280ca9f29b8b412853018f101,IDENTICAL,yes,yes
market_intelligence_v5_0_1_overlay,repository_root/market_intelligence_v5_0_1_overlay,scripts/run_historical_intelligence_stress.py,21591,e431f0b9acf26837ef9cb7c043eab14c95a28b00b6d0be077aa41d363d31d7a4,IDENTICAL,yes,yes
market_intelligence_v5_0_2_overlay,repository_root/market_intelligence_v5_0_2_overlay,docs/market_intelligence_v5_0_2.md,2047,e6ac57f8c5ef3e5e68ca5436111d8a330790d63517141e976b994dd21a80a7b7,IDENTICAL,yes,yes
market_intelligence_v5_0_2_overlay,repository_root/market_intelligence_v5_0_2_overlay,scripts/run_intelligence_training_batch.py,11522,89669aa8ec83a0df61100bea21fea2be196e751840d04849b84a45798c42620b,DIFFERENT,yes,yes
market_intelligence_v5_0_2_overlay,repository_root/market_intelligence_v5_0_2_overlay,scripts/simulate_intelligence_equity_curves.py,16641,cb7a4bca5dadff6da9676daec17593cd37429a9b40cd9f64aaf320ef93a58e15,IDENTICAL,yes,yes
market_intelligence_v5_0_overlay,repository_root/market_intelligence_v5_0_overlay,docs/market_intelligence_v5_0.md,5232,ee5797fda60efc0fa1bd5e8b11cb3087d3dfa11984a80a18e974b53fc38b391c,IDENTICAL,yes,yes
market_intelligence_v5_0_overlay,repository_root/market_intelligence_v5_0_overlay,scripts/audit_historical_source_mix.py,6158,5a8c75137152482bc1975f905bb5bae333c4f20372f400e1a10f133931a93784,IDENTICAL,yes,yes
market_intelligence_v5_0_overlay,repository_root/market_intelligence_v5_0_overlay,scripts/run_historical_intelligence_stress.py,21364,f11f50d5a8debb6b03e068b7dea4216345f9afc8446704b66a8b6fd227fe412b,DIFFERENT,yes,yes
market_intelligence_v5_0_overlay,repository_root/market_intelligence_v5_0_overlay,scripts/run_multi_period_intelligence_research.py,7248,bf39445bce26d6c550e337ea843ee34fc80cc0bf61f756d34c82fd3893fb83ce,IDENTICAL,yes,yes
market_intelligence_v5_0_overlay,repository_root/market_intelligence_v5_0_overlay,scripts/score_ml_research_gates.py,7076,b67a99f53cad8332a0d243b57fb724ac67de210522fbdab962b3ee50d66855b2,IDENTICAL,yes,yes
stock-backtester/market_intelligence_v2_10_overlay,stock_backtester_root/market_intelligence_v2_10_overlay,docs/historical_news_ml_training_plan.md,3117,123ce015dccba3b4179bb4416ddd163a606b93f5187a37df6ec230b9fc8c57c4,IDENTICAL,yes,yes
stock-backtester/market_intelligence_v2_10_overlay,stock_backtester_root/market_intelligence_v2_10_overlay,docs/market_intelligence_experiment_summary_2026_06_23.md,3955,6821e876bc33bf89c3ee624bf6e89de067eb096642914bbbf02d8908ab4d86f3,IDENTICAL,yes,yes
stock-backtester/market_intelligence_v2_2_overlay,stock_backtester_root/market_intelligence_v2_2_overlay,docs/market_intelligence_v2_2.md,1319,c35833d22ed40e967d650c5f68bc8e4f24a78c05015434e35b767f781eaa2a85,IDENTICAL,yes,yes
stock-backtester/market_intelligence_v2_2_overlay,stock_backtester_root/market_intelligence_v2_2_overlay,scripts/build_allocator_intelligence_signals_v2.py,2633,f796510ee1313f04e62708622e84b6428a752b3c81f4a8a146aab147f030f78f,DIFFERENT,yes,yes
stock-backtester/market_intelligence_v2_2_overlay,stock_backtester_root/market_intelligence_v2_2_overlay,scripts/diagnose_allocator_intelligence.py,2051,4261f40d8eabb435433a0817d2c10f2dd063c28f17a19364677e19c03d6b3f10,DIFFERENT,yes,yes
stock-backtester/market_intelligence_v2_2_overlay,stock_backtester_root/market_intelligence_v2_2_overlay,src/backtester/intelligence/allocator_adjustment.py,5714,7116d088ab49071cc47b563e050f000b9c6b9f5418b1b0346316770bb4b83b24,IDENTICAL,yes,yes
stock-backtester/market_intelligence_v2_2_overlay,stock_backtester_root/market_intelligence_v2_2_overlay,src/backtester/intelligence/allocator_diagnostics.py,6468,b79bb2bc9f3149d706b298261f2162a1c1a3812acd5c54044176c56bb8dd0287,DIFFERENT,yes,yes
stock-backtester/market_intelligence_v2_3_overlay,stock_backtester_root/market_intelligence_v2_3_overlay,docs/market_intelligence_v2_3.md,1448,3071ebef34d7390c2177275d4848d2713dfc848b78b0f9c7fb9737762d002beb,IDENTICAL,yes,yes
stock-backtester/market_intelligence_v2_3_overlay,stock_backtester_root/market_intelligence_v2_3_overlay,scripts/build_allocator_intelligence_signals_v2.py,2633,f796510ee1313f04e62708622e84b6428a752b3c81f4a8a146aab147f030f78f,DIFFERENT,yes,yes
stock-backtester/market_intelligence_v2_3_overlay,stock_backtester_root/market_intelligence_v2_3_overlay,scripts/diagnose_allocator_intelligence.py,2051,4261f40d8eabb435433a0817d2c10f2dd063c28f17a19364677e19c03d6b3f10,DIFFERENT,yes,yes
stock-backtester/market_intelligence_v2_3_overlay,stock_backtester_root/market_intelligence_v2_3_overlay,src/backtester/intelligence/allocator_adjustment.py,5714,7116d088ab49071cc47b563e050f000b9c6b9f5418b1b0346316770bb4b83b24,IDENTICAL,yes,yes
stock-backtester/market_intelligence_v2_3_overlay,stock_backtester_root/market_intelligence_v2_3_overlay,src/backtester/intelligence/allocator_diagnostics.py,6468,b79bb2bc9f3149d706b298261f2162a1c1a3812acd5c54044176c56bb8dd0287,DIFFERENT,yes,yes
stock-backtester/market_intelligence_v2_3_overlay,stock_backtester_root/market_intelligence_v2_3_overlay,src/backtester/intelligence/opportunity_scorer.py,9136,86d7a34156d945738cb14d641d4823adc4e4175487f29eb4258aad72c28acd37,IDENTICAL,yes,yes
stock-backtester/market_intelligence_v2_4_overlay,stock_backtester_root/market_intelligence_v2_4_overlay,docs/market_intelligence_v2_4.md,866,e3709c2f6bf5b83a0208e1fabc9e27c6b2ea4fe68dda0de729913f35937f5043,IDENTICAL,yes,yes
stock-backtester/market_intelligence_v2_4_overlay,stock_backtester_root/market_intelligence_v2_4_overlay,scripts/compare_allocator_intelligence.py,2077,7ff338a5852c7198fdee627e4428bc07cecaf754c7b37b926f01f925efda4e03,DIFFERENT,yes,yes
stock-backtester/market_intelligence_v2_4_overlay,stock_backtester_root/market_intelligence_v2_4_overlay,scripts/diagnose_allocator_intelligence.py,2160,2320410bf52be4bafbbcdf505e37f2aa96990a6ea59d080925cf370f6c37941a,DIFFERENT,yes,yes
stock-backtester/market_intelligence_v2_4_overlay,stock_backtester_root/market_intelligence_v2_4_overlay,src/backtester/intelligence/allocator_diagnostics.py,10625,b8de85b205c6ed96a176fd0614e26d913d48c4fda6080e3f305b7765d3ead40e,IDENTICAL,yes,yes
stock-backtester/market_intelligence_v2_5_overlay,stock_backtester_root/market_intelligence_v2_5_overlay,docs/market_intelligence_v2_5.md,1118,76839355a4b8e4beb95aeaaf2d96a2f3a649612aaaecb9bd7768e04d43b1af81,IDENTICAL,yes,yes
stock-backtester/market_intelligence_v2_5_overlay,stock_backtester_root/market_intelligence_v2_5_overlay,scripts/monte_carlo_allocator_intelligence.py,2143,3613a828762a7b402d46fcb1a177eb2a89dfb7427c3f138cdbd3797a6d391f5a,DIFFERENT,yes,yes
stock-backtester/market_intelligence_v2_5_overlay,stock_backtester_root/market_intelligence_v2_5_overlay,src/backtester/intelligence/allocator_monte_carlo.py,9955,aeb300cd3c4dfdce9fbc590c6bb283fbfad060685d3b8e7e39b0c72ce431070e,IDENTICAL,yes,yes
stock-backtester/market_intelligence_v2_6_1_overlay,stock_backtester_root/market_intelligence_v2_6_1_overlay,docs/market_intelligence_v2_6_1.md,765,90d8331b9766a7f17d2db68c920f0bc75869e981cf3edc97f1d968225acad0e5,IDENTICAL,yes,yes
stock-backtester/market_intelligence_v2_6_1_overlay,stock_backtester_root/market_intelligence_v2_6_1_overlay,requirements-intelligence-nlp.txt,52,8b05777d86cb981b73e23138abdf6be5599453a1be38cac13c6e147f1c55783a,IDENTICAL,yes,yes
stock-backtester/market_intelligence_v2_6_1_overlay,stock_backtester_root/market_intelligence_v2_6_1_overlay,scripts/check_intelligence_nlp.py,1333,6d970a6384df4c0312a77d73d47300157e803479037818426864e478a686c14d,DIFFERENT,yes,yes
stock-backtester/market_intelligence_v2_6_1_overlay,stock_backtester_root/market_intelligence_v2_6_1_overlay,scripts/extract_contextual_events.py,3923,e5b85d9854657d33658ba97609a4889231b36f5b4962f6375c16df8f371a3697,DIFFERENT,yes,yes
stock-backtester/market_intelligence_v2_6_1_overlay,stock_backtester_root/market_intelligence_v2_6_1_overlay,scripts/run_nlp_event_smoke.py,2258,9d9aa0f6879e88838e0b80a2345943316e5c534c17227798738b890a579b6428,DIFFERENT,yes,yes
stock-backtester/market_intelligence_v2_6_1_overlay,stock_backtester_root/market_intelligence_v2_6_1_overlay,src/backtester/intelligence/contextual_event_extractor.py,13740,52231110e1ed2e4ca5bee32d512cce2621cab20626d73d49515be1b71d7f8f87,DIFFERENT,yes,yes
stock-backtester/market_intelligence_v2_6_1_overlay,stock_backtester_root/market_intelligence_v2_6_1_overlay,src/backtester/intelligence/nlp_runtime.py,2941,f053f14782abf8bbf4250045a1ae2a50e3bf002e0bf0ae235b9dd81c8f57bdf6,IDENTICAL,yes,yes
stock-backtester/market_intelligence_v2_6_1_overlay,stock_backtester_root/market_intelligence_v2_6_1_overlay,src/backtester/intelligence/semantic_event_clusterer.py,4658,a9158681d9683c3e0a716794472d8f1a095de95b4d1b38e73ed750adcb7ed43e,DIFFERENT,yes,yes
stock-backtester/market_intelligence_v2_6_2_overlay,stock_backtester_root/market_intelligence_v2_6_2_overlay,docs/market_intelligence_v2_6_2.md,726,37b9dc082c673ca814792f2fb17eb71faf9f3173d47ec6581464f0ff91fbaf58,CANONICAL_MISSING,yes,yes
stock-backtester/market_intelligence_v2_6_2_overlay,stock_backtester_root/market_intelligence_v2_6_2_overlay,scripts/check_intelligence_nlp.py,1333,6d970a6384df4c0312a77d73d47300157e803479037818426864e478a686c14d,DIFFERENT,yes,yes
stock-backtester/market_intelligence_v2_6_2_overlay,stock_backtester_root/market_intelligence_v2_6_2_overlay,scripts/extract_contextual_events.py,3923,e5b85d9854657d33658ba97609a4889231b36f5b4962f6375c16df8f371a3697,DIFFERENT,yes,yes
stock-backtester/market_intelligence_v2_6_2_overlay,stock_backtester_root/market_intelligence_v2_6_2_overlay,scripts/run_nlp_event_smoke.py,2258,9d9aa0f6879e88838e0b80a2345943316e5c534c17227798738b890a579b6428,DIFFERENT,yes,yes
stock-backtester/market_intelligence_v2_6_2_overlay,stock_backtester_root/market_intelligence_v2_6_2_overlay,src/backtester/intelligence/contextual_event_extractor.py,15743,731777f115809f26a96bd7c1818f6a7a711a71e5fd4911cef8afb77de72b2352,DIFFERENT,yes,yes
stock-backtester/market_intelligence_v2_6_2_overlay,stock_backtester_root/market_intelligence_v2_6_2_overlay,src/backtester/intelligence/event_feature_builder.py,7118,df827f72535bcaaabc6b629de5690645cd8c15915338760df0270b55746040b5,DIFFERENT,yes,yes
stock-backtester/market_intelligence_v2_6_2_overlay,stock_backtester_root/market_intelligence_v2_6_2_overlay,src/backtester/intelligence/nlp_runtime.py,2941,f053f14782abf8bbf4250045a1ae2a50e3bf002e0bf0ae235b9dd81c8f57bdf6,IDENTICAL,yes,yes
stock-backtester/market_intelligence_v2_6_2_overlay,stock_backtester_root/market_intelligence_v2_6_2_overlay,src/backtester/intelligence/opportunity_scorer.py,9288,e0363f7a64ede686870415f8789c6d3a86f15a81ea37d44b970de596b62e0159,DIFFERENT,yes,yes
stock-backtester/market_intelligence_v2_6_2_overlay,stock_backtester_root/market_intelligence_v2_6_2_overlay,src/backtester/intelligence/semantic_event_clusterer.py,4658,a9158681d9683c3e0a716794472d8f1a095de95b4d1b38e73ed750adcb7ed43e,DIFFERENT,yes,yes
stock-backtester/market_intelligence_v2_6_overlay,stock_backtester_root/market_intelligence_v2_6_overlay,docs/market_intelligence_v2_6.md,1586,2e9f9c46d75456f6049934932860d5746f0eab2410daa20449ebdced3c3fec00,IDENTICAL,yes,yes
stock-backtester/market_intelligence_v2_6_overlay,stock_backtester_root/market_intelligence_v2_6_overlay,requirements-intelligence-nlp.txt,52,8b05777d86cb981b73e23138abdf6be5599453a1be38cac13c6e147f1c55783a,IDENTICAL,yes,yes
stock-backtester/market_intelligence_v2_6_overlay,stock_backtester_root/market_intelligence_v2_6_overlay,scripts/check_intelligence_nlp.py,1333,6d970a6384df4c0312a77d73d47300157e803479037818426864e478a686c14d,DIFFERENT,yes,yes
stock-backtester/market_intelligence_v2_6_overlay,stock_backtester_root/market_intelligence_v2_6_overlay,scripts/extract_contextual_events.py,3567,8aa274430b344ab8270a844cf476ab310a044a9a2ed8da918c82198b427b1e99,DIFFERENT,yes,yes
stock-backtester/market_intelligence_v2_6_overlay,stock_backtester_root/market_intelligence_v2_6_overlay,scripts/run_nlp_event_smoke.py,1874,c86937d2e3783c20a9ea32b369e0154b446f7d45ee4641f80b33794652464f8f,DIFFERENT,yes,yes
stock-backtester/market_intelligence_v2_6_overlay,stock_backtester_root/market_intelligence_v2_6_overlay,src/backtester/intelligence/contextual_event_extractor.py,13740,52231110e1ed2e4ca5bee32d512cce2621cab20626d73d49515be1b71d7f8f87,DIFFERENT,yes,yes
stock-backtester/market_intelligence_v2_6_overlay,stock_backtester_root/market_intelligence_v2_6_overlay,src/backtester/intelligence/nlp_runtime.py,2736,dd3b1ef54cff38f6e7fe414b18a37409056fabca65a515374d1bfcccea0c2bf9,DIFFERENT,yes,yes
stock-backtester/market_intelligence_v2_6_overlay,stock_backtester_root/market_intelligence_v2_6_overlay,src/backtester/intelligence/semantic_event_clusterer.py,3905,708a174f31405f8d4f50739d6b65695b3cab24ff3356d15423132f6917b6d4bb,DIFFERENT,yes,yes
stock-backtester/market_intelligence_v2_7_1_overlay,stock_backtester_root/market_intelligence_v2_7_1_overlay,docs/market_intelligence_v2_7_1.md,805,98808e590c9f1a9466578060206bdcf75013a60fee2575b93c0a57c85c4608d8,IDENTICAL,yes,yes
stock-backtester/market_intelligence_v2_7_1_overlay,stock_backtester_root/market_intelligence_v2_7_1_overlay,scripts/extract_contextual_events.py,4864,bdb71282bc0fd0179cfffe81aa382609971040e975046af4de9fb3b22e196fcf,DIFFERENT,yes,yes
stock-backtester/market_intelligence_v2_7_1_overlay,stock_backtester_root/market_intelligence_v2_7_1_overlay,scripts/run_nlp_event_smoke.py,3184,6ce519a69347f6e7e7b0bc7d813faabb4269f3b6361f5a985f71ee11f283cd89,DIFFERENT,yes,yes
stock-backtester/market_intelligence_v2_7_1_overlay,stock_backtester_root/market_intelligence_v2_7_1_overlay,src/backtester/intelligence/contextual_event_extractor.py,18433,1af9817d78448eaa154cbac2e32eed53d78e4dc1ecee8e918968c199a89f7f58,DIFFERENT,yes,yes
stock-backtester/market_intelligence_v2_7_1_overlay,stock_backtester_root/market_intelligence_v2_7_1_overlay,src/backtester/intelligence/event_schemas.py,1377,0a51672074a0e4a629c130d3f446832c37383201f7ad4aef522fb2446a3b8825,DIFFERENT,yes,yes
stock-backtester/market_intelligence_v2_7_1_overlay,stock_backtester_root/market_intelligence_v2_7_1_overlay,src/backtester/intelligence/semantic_event_classifier.py,7939,d79fc53c5ab820e5aef5d0ba7aa82ed06fe78f58a42fe915332e2dda14121708,IDENTICAL,yes,yes
stock-backtester/market_intelligence_v2_7_2_overlay,stock_backtester_root/market_intelligence_v2_7_2_overlay,docs/market_intelligence_v2_7_2.md,1094,48eb83835c4ec1566c0781577eca08f9f34b6963d35fb73962826b8c6a46fa0f,IDENTICAL,yes,yes
stock-backtester/market_intelligence_v2_7_2_overlay,stock_backtester_root/market_intelligence_v2_7_2_overlay,scripts/extract_contextual_events.py,4864,bdb71282bc0fd0179cfffe81aa382609971040e975046af4de9fb3b22e196fcf,DIFFERENT,yes,yes
stock-backtester/market_intelligence_v2_7_2_overlay,stock_backtester_root/market_intelligence_v2_7_2_overlay,scripts/run_nlp_event_smoke.py,3380,735f74709c5c2d657e79025107773c73b1bc1cf2d70f102c287ca7a2f0e59297,DIFFERENT,yes,yes
stock-backtester/market_intelligence_v2_7_2_overlay,stock_backtester_root/market_intelligence_v2_7_2_overlay,src/backtester/intelligence/contextual_event_extractor.py,20833,8c763cbcdaa018151ffb207867447588bc3f710721d4b2cd29795b8cc43578b2,DIFFERENT,yes,yes
stock-backtester/market_intelligence_v2_7_2_overlay,stock_backtester_root/market_intelligence_v2_7_2_overlay,src/backtester/intelligence/event_schemas.py,1423,4ba7447d2e26edab1a0e619d86652bcf859d843a3473371a62ce9b8740535698,DIFFERENT,yes,yes
stock-backtester/market_intelligence_v2_7_2_overlay,stock_backtester_root/market_intelligence_v2_7_2_overlay,src/backtester/intelligence/semantic_event_classifier.py,7939,d79fc53c5ab820e5aef5d0ba7aa82ed06fe78f58a42fe915332e2dda14121708,IDENTICAL,yes,yes
stock-backtester/market_intelligence_v2_7_3_overlay,stock_backtester_root/market_intelligence_v2_7_3_overlay,docs/market_intelligence_v2_7_3.md,935,ef571e4e8406623c4eb219ee1aca04a6ab73e8800d6484e773bdf2dd427fd715,IDENTICAL,yes,yes
stock-backtester/market_intelligence_v2_7_3_overlay,stock_backtester_root/market_intelligence_v2_7_3_overlay,scripts/extract_contextual_events.py,4864,bdb71282bc0fd0179cfffe81aa382609971040e975046af4de9fb3b22e196fcf,DIFFERENT,yes,yes
stock-backtester/market_intelligence_v2_7_3_overlay,stock_backtester_root/market_intelligence_v2_7_3_overlay,scripts/run_nlp_event_smoke.py,3685,1726e54bbe0625c8f1ac5836aabcdff38e3bd38ec56f85d11211263daea0e4d3,DIFFERENT,yes,yes
stock-backtester/market_intelligence_v2_7_3_overlay,stock_backtester_root/market_intelligence_v2_7_3_overlay,src/backtester/intelligence/contextual_event_extractor.py,22976,c3b7f1b6ddee4e7ce2ba7e6fa374982c516bce9d079bf60c2c14bc4d8a2ef64c,DIFFERENT,yes,yes
stock-backtester/market_intelligence_v2_7_3_overlay,stock_backtester_root/market_intelligence_v2_7_3_overlay,src/backtester/intelligence/event_schemas.py,1470,63e8c76f267ab67805e3eeeb8d6ab489946c114b2a2c01de2c629e4d688a8308,IDENTICAL,yes,yes
stock-backtester/market_intelligence_v2_7_3_overlay,stock_backtester_root/market_intelligence_v2_7_3_overlay,src/backtester/intelligence/semantic_event_classifier.py,7939,d79fc53c5ab820e5aef5d0ba7aa82ed06fe78f58a42fe915332e2dda14121708,IDENTICAL,yes,yes
stock-backtester/market_intelligence_v2_7_4_overlay,stock_backtester_root/market_intelligence_v2_7_4_overlay,docs/market_intelligence_v2_7_4.md,810,bd15c57ef16b7b809f51e2c3266b5b040f1eaca6a61da2a57e69438c5217f7e5,IDENTICAL,yes,yes
stock-backtester/market_intelligence_v2_7_4_overlay,stock_backtester_root/market_intelligence_v2_7_4_overlay,scripts/extract_contextual_events.py,5713,be7277b760f9d0ce04c405957d482c93a0a9c84922bac053611b022ba1c3d5f8,DIFFERENT,yes,yes
stock-backtester/market_intelligence_v2_7_4_overlay,stock_backtester_root/market_intelligence_v2_7_4_overlay,scripts/run_nlp_event_smoke.py,4539,310cc44b18596d4f81f3c153965f199a21967d3a2bd72ef52d98c367405006e0,DIFFERENT,yes,yes
stock-backtester/market_intelligence_v2_7_4_overlay,stock_backtester_root/market_intelligence_v2_7_4_overlay,src/backtester/intelligence/contextual_event_extractor.py,23264,38838e867fc9fc52619ab17f3cc18d69f367fd9a6aaa455b6d8c403c3bbb695a,DIFFERENT,yes,yes
stock-backtester/market_intelligence_v2_7_4_overlay,stock_backtester_root/market_intelligence_v2_7_4_overlay,src/backtester/intelligence/event_schemas.py,1470,63e8c76f267ab67805e3eeeb8d6ab489946c114b2a2c01de2c629e4d688a8308,IDENTICAL,yes,yes
stock-backtester/market_intelligence_v2_7_4_overlay,stock_backtester_root/market_intelligence_v2_7_4_overlay,src/backtester/intelligence/semantic_event_classifier.py,7939,d79fc53c5ab820e5aef5d0ba7aa82ed06fe78f58a42fe915332e2dda14121708,IDENTICAL,yes,yes
stock-backtester/market_intelligence_v2_7_5_overlay,stock_backtester_root/market_intelligence_v2_7_5_overlay,docs/market_intelligence_v2_7_5.md,942,ecf6fe49bd4daed59ff960bcc63274756a36d07974369eba3432efed7c525afc,IDENTICAL,yes,yes
stock-backtester/market_intelligence_v2_7_5_overlay,stock_backtester_root/market_intelligence_v2_7_5_overlay,scripts/extract_contextual_events.py,5713,be7277b760f9d0ce04c405957d482c93a0a9c84922bac053611b022ba1c3d5f8,DIFFERENT,yes,yes
stock-backtester/market_intelligence_v2_7_5_overlay,stock_backtester_root/market_intelligence_v2_7_5_overlay,scripts/run_nlp_event_smoke.py,4539,310cc44b18596d4f81f3c153965f199a21967d3a2bd72ef52d98c367405006e0,DIFFERENT,yes,yes
stock-backtester/market_intelligence_v2_7_5_overlay,stock_backtester_root/market_intelligence_v2_7_5_overlay,src/backtester/intelligence/contextual_event_extractor.py,23227,e76a1105dd8a810a1c55eeb203fd357708cea73d4b94fa210cde652292d115eb,DIFFERENT,yes,yes
stock-backtester/market_intelligence_v2_7_5_overlay,stock_backtester_root/market_intelligence_v2_7_5_overlay,src/backtester/intelligence/event_schemas.py,1470,63e8c76f267ab67805e3eeeb8d6ab489946c114b2a2c01de2c629e4d688a8308,IDENTICAL,yes,yes
stock-backtester/market_intelligence_v2_7_5_overlay,stock_backtester_root/market_intelligence_v2_7_5_overlay,src/backtester/intelligence/semantic_event_classifier.py,7939,d79fc53c5ab820e5aef5d0ba7aa82ed06fe78f58a42fe915332e2dda14121708,IDENTICAL,yes,yes
stock-backtester/market_intelligence_v2_7_overlay,stock_backtester_root/market_intelligence_v2_7_overlay,docs/market_intelligence_v2_7.md,1460,016a90ba173648d8dc243cd327d1897b8882034bfb350b02667ed361a174d876,IDENTICAL,yes,yes
stock-backtester/market_intelligence_v2_7_overlay,stock_backtester_root/market_intelligence_v2_7_overlay,scripts/extract_contextual_events.py,4864,bdb71282bc0fd0179cfffe81aa382609971040e975046af4de9fb3b22e196fcf,DIFFERENT,yes,yes
stock-backtester/market_intelligence_v2_7_overlay,stock_backtester_root/market_intelligence_v2_7_overlay,scripts/run_nlp_event_smoke.py,3184,6ce519a69347f6e7e7b0bc7d813faabb4269f3b6361f5a985f71ee11f283cd89,DIFFERENT,yes,yes
stock-backtester/market_intelligence_v2_7_overlay,stock_backtester_root/market_intelligence_v2_7_overlay,src/backtester/intelligence/contextual_event_extractor.py,16728,78f492bc6243cf898d8bc120ab1e2ea805d723838de98fb4024a7a8f438361e0,DIFFERENT,yes,yes
stock-backtester/market_intelligence_v2_7_overlay,stock_backtester_root/market_intelligence_v2_7_overlay,src/backtester/intelligence/event_schemas.py,1335,d7c93d16da920c1a3bea63e91205382f29b1128ce000683e940ff5cfe2f0f70b,DIFFERENT,yes,yes
stock-backtester/market_intelligence_v2_7_overlay,stock_backtester_root/market_intelligence_v2_7_overlay,src/backtester/intelligence/semantic_event_classifier.py,7939,d79fc53c5ab820e5aef5d0ba7aa82ed06fe78f58a42fe915332e2dda14121708,IDENTICAL,yes,yes
stock-backtester/market_intelligence_v2_8_1_overlay,stock_backtester_root/market_intelligence_v2_8_1_overlay,docs/market_intelligence_v2_8_1.md,605,519f2f1b5c6b2938b7804cfa522361fa825244f7b9fa501b759efc996af9db65,IDENTICAL,yes,yes
stock-backtester/market_intelligence_v2_8_1_overlay,stock_backtester_root/market_intelligence_v2_8_1_overlay,src/backtester/intelligence/weight_calibrator.py,4235,8e0f1493ff0f0947dcd83e6bbe4eba5ae68e917de6c43d23cb89e3ac18b60fc3,DIFFERENT,yes,yes
stock-backtester/market_intelligence_v2_8_overlay,stock_backtester_root/market_intelligence_v2_8_overlay,docs/market_intelligence_v2_8.md,660,7bc0bbc910f6676e14036c751340d6dc4d2d62245065dc225223ab6f2edc16c6,IDENTICAL,yes,yes
stock-backtester/market_intelligence_v2_8_overlay,stock_backtester_root/market_intelligence_v2_8_overlay,scripts/monte_carlo_strategy_grid.py,4879,163b834a1d9acd068862b52e46a8b82151c3531e9de5070cd0a65587aebcb6a2,DIFFERENT,yes,yes
stock-backtester/market_intelligence_v2_9_overlay,stock_backtester_root/market_intelligence_v2_9_overlay,docs/market_intelligence_v2_9.md,775,9a99ddc84d41dfffb558c0e37d6d8ca2cee6050653ea26c03db79df8738b6cf1,IDENTICAL,yes,yes
stock-backtester/market_intelligence_v2_9_overlay,stock_backtester_root/market_intelligence_v2_9_overlay,scripts/apply_calibrated_intelligence.py,2306,40d6f02185f19b1799deb229c44c1e644329a9937a489e3bec27f676e3b937a5,IDENTICAL,yes,yes
stock-backtester/market_intelligence_v2_9_overlay,stock_backtester_root/market_intelligence_v2_9_overlay,scripts/compare_allocator_rankings.py,5138,eb617111aa4026d1dd21e4e47218e50663a3afad7ade510d2514583d9b6eab0f,DIFFERENT,yes,yes
stock-backtester/market_intelligence_v2_9_overlay,stock_backtester_root/market_intelligence_v2_9_overlay,src/backtester/intelligence/calibrated_adjustment.py,3723,17643f946b9174514c689971f034ecde10baa2a77fc8cb545a5a48edffc355de,IDENTICAL,yes,yes
stock-backtester/market_intelligence_v3_0_1_overlay,stock_backtester_root/market_intelligence_v3_0_1_overlay,docs/market_intelligence_v3_0_1.md,1577,9666d543cf46f5b063fdcc231d41a9f0fa06dc24c70911944e4d91d150f76506,IDENTICAL,yes,yes
stock-backtester/market_intelligence_v3_0_1_overlay,stock_backtester_root/market_intelligence_v3_0_1_overlay,scripts/fetch_historical_intelligence_sources.py,2945,723110f4a72758f9adb27c1ef97c418e847d08d0759c9d03c8e9436568a9c48d,DIFFERENT,yes,yes
stock-backtester/market_intelligence_v3_0_1_overlay,stock_backtester_root/market_intelligence_v3_0_1_overlay,src/backtester/intelligence/historical_source_collector.py,8778,3dff6fb3d767e22ae5898224d56689e8dbc5c57edc1739195f248282fc251d9c,DIFFERENT,yes,yes
stock-backtester/market_intelligence_v3_0_2_overlay,stock_backtester_root/market_intelligence_v3_0_2_overlay,docs/market_intelligence_v3_0_2.md,1933,cca9507f13de22b6077ff229fe6e24b39ed0003cfe12b9f3286324e647c78a56,IDENTICAL,yes,yes
stock-backtester/market_intelligence_v3_0_2_overlay,stock_backtester_root/market_intelligence_v3_0_2_overlay,scripts/fetch_historical_intelligence_sources.py,3202,56c6de0ab1e1a2a9553a8ff6e0be1e4eeb8714acfc9752e555c87830e21f8840,IDENTICAL,yes,yes
stock-backtester/market_intelligence_v3_0_2_overlay,stock_backtester_root/market_intelligence_v3_0_2_overlay,src/backtester/intelligence/historical_source_collector.py,11552,9e786ee19240741f3c73b15841dbfd565406ab8d406c5e700f27ce977c1615b3,IDENTICAL,yes,yes
stock-backtester/market_intelligence_v3_1_overlay,stock_backtester_root/market_intelligence_v3_1_overlay,docs/market_intelligence_v3_1.md,1434,28c8fe5903323f103781bc1d10eb5153f267f1395f541e52917f28ba3c1d62e5,IDENTICAL,yes,yes
stock-backtester/market_intelligence_v3_1_overlay,stock_backtester_root/market_intelligence_v3_1_overlay,scripts/fetch_sec_intelligence_sources.py,2164,71866ad51d0acb5fefbbd88972b2846371e55c6f56fa0c0622cd7b99bacddc6f,IDENTICAL,yes,yes
stock-backtester/market_intelligence_v3_1_overlay,stock_backtester_root/market_intelligence_v3_1_overlay,src/backtester/intelligence/sec_source_collector.py,8409,76be5cefa608663c8249924bc986d86ce913319fb2748bc9e183729683244c56,DIFFERENT,yes,yes
stock-backtester/market_intelligence_v3_2_overlay,stock_backtester_root/market_intelligence_v3_2_overlay,docs/market_intelligence_v3_2.md,2067,71060287bd182644cf891cc3b3473978c534c487830cd984ba209edf01cf003d,IDENTICAL,yes,yes
stock-backtester/market_intelligence_v3_2_overlay,stock_backtester_root/market_intelligence_v3_2_overlay,scripts/build_historical_sec_features.py,2999,93493fd4c7dc42b5feb144797105a5b5bc8600b2c3b783ab4cdac937948ef88c,IDENTICAL,yes,yes
stock-backtester/market_intelligence_v3_2_overlay,stock_backtester_root/market_intelligence_v3_2_overlay,src/backtester/intelligence/historical_feature_builder.py,6342,aaf2f00164fa8ebb1495d4217578f6c133a4470731dc3f43c60f1c443a32ce16,IDENTICAL,yes,yes
stock-backtester/market_intelligence_v3_3_1_overlay,stock_backtester_root/market_intelligence_v3_3_1_overlay,docs/market_intelligence_v3_3_1.md,1458,1a32bff25361be2124d0a598210f11df9499806125d1393bf1429c08fb7ed60c,IDENTICAL,yes,yes
stock-backtester/market_intelligence_v3_3_1_overlay,stock_backtester_root/market_intelligence_v3_3_1_overlay,src/backtester/intelligence/calibration_dataset.py,3672,4335dd2a8d1dc94712a3f27eaacf51844213c61f99e04bffce8492193be69eb2,DIFFERENT,yes,yes
stock-backtester/market_intelligence_v3_3_overlay,stock_backtester_root/market_intelligence_v3_3_overlay,docs/market_intelligence_v3_3.md,1535,80b6448f5ad240b492b2228779baf8b5cbab58ab9e46745609c0bcfd93b8c0fc,IDENTICAL,yes,yes
stock-backtester/market_intelligence_v3_3_overlay,stock_backtester_root/market_intelligence_v3_3_overlay,src/backtester/intelligence/calibration_dataset.py,2847,f110fe4d6ded42173f0171d4d0b4900162dd126dc38d610bbd8a4b0375d0ad24,DIFFERENT,yes,yes
stock-backtester/market_intelligence_v3_4_1_overlay,stock_backtester_root/market_intelligence_v3_4_1_overlay,docs/market_intelligence_v3_4_1.md,1713,148e8bdb7cde8378d7b546c4d6740b8131ba3892d90252a9d2810894e09962bf,IDENTICAL,yes,yes
stock-backtester/market_intelligence_v3_4_1_overlay,stock_backtester_root/market_intelligence_v3_4_1_overlay,scripts/walk_forward_intelligence_calibration.py,3250,956c253544d87b8cf5dd8ff7c08bca0b7346f701808812fb6d2ae31fa522d465,DIFFERENT,yes,yes
stock-backtester/market_intelligence_v3_4_1_overlay,stock_backtester_root/market_intelligence_v3_4_1_overlay,src/backtester/intelligence/walk_forward_calibrator.py,13924,c3dcfb4648c7f22afa0349de6e2f0bed10eb67c588e0da839a0fdc5a090bf769,DIFFERENT,yes,yes
stock-backtester/market_intelligence_v3_4_overlay,stock_backtester_root/market_intelligence_v3_4_overlay,docs/market_intelligence_v3_4.md,2232,737219d917fea2fe32e83463ed4fd726d23847f9bfd3de131f38e49b037ad2ec,IDENTICAL,yes,yes
stock-backtester/market_intelligence_v3_4_overlay,stock_backtester_root/market_intelligence_v3_4_overlay,scripts/walk_forward_intelligence_calibration.py,3017,3fd7fc9dd3993c082aac4d4c5f360321e8db7efab715744826eed1fc06a05ee5,DIFFERENT,yes,yes
stock-backtester/market_intelligence_v3_4_overlay,stock_backtester_root/market_intelligence_v3_4_overlay,src/backtester/intelligence/walk_forward_calibrator.py,12461,278707703c524b38c187f61391042a1bfdd249c838ee4b558a693c9a0f944572,DIFFERENT,yes,yes
stock-backtester/market_intelligence_v3_5_overlay,stock_backtester_root/market_intelligence_v3_5_overlay,docs/market_intelligence_v3_5.md,3149,dfa601a27ffe9493d68ab0d7d77e3eeb2d165ce2772e5e89dd67a86abf010b37,IDENTICAL,yes,yes
stock-backtester/market_intelligence_v3_5_overlay,stock_backtester_root/market_intelligence_v3_5_overlay,scripts/build_historical_intelligence_panel_seed.py,1862,5011afc73b4f87db5c4e8a9c408ffdf69684fcdd2af95d89bf4381c9db3e0862,DIFFERENT,yes,yes
stock-backtester/market_intelligence_v3_5_overlay,stock_backtester_root/market_intelligence_v3_5_overlay,src/backtester/intelligence/historical_panel_builder.py,3392,13bb15ea8f1995840d365a13dd8e948e4af8547d555aca11e2abc2b5ae3af41c,DIFFERENT,yes,yes
stock-backtester/market_intelligence_v3_6_overlay,stock_backtester_root/market_intelligence_v3_6_overlay,docs/market_intelligence_v3_6.md,3453,0b797d10b8da8573e84b091bf3bdcbf2a78d6eb8c676c947d9a15cd64c1490a6,IDENTICAL,yes,yes
stock-backtester/market_intelligence_v3_6_overlay,stock_backtester_root/market_intelligence_v3_6_overlay,scripts/build_historical_news_features.py,2488,5c5d32a8e9e190354c3b5200d21720a27a83088f1436a06cc37f041ad738d2c0,DIFFERENT,yes,yes
stock-backtester/market_intelligence_v3_6_overlay,stock_backtester_root/market_intelligence_v3_6_overlay,scripts/fetch_historical_news_sources.py,5160,85f350285b56448ddfe14235dfb3e9e0bd8337f01173b243d4a992150359c723,DIFFERENT,yes,yes
stock-backtester/market_intelligence_v3_6_overlay,stock_backtester_root/market_intelligence_v3_6_overlay,src/backtester/intelligence/calibration_dataset.py,3709,bd9262ea7eaeb8ca1df2cac04b2325160b54448b2710ca8f13aadef43d62c194,DIFFERENT,yes,yes
stock-backtester/market_intelligence_v3_6_overlay,stock_backtester_root/market_intelligence_v3_6_overlay,src/backtester/intelligence/historical_news_collector.py,16129,96770bff95b9b75be7ed144f732547be7bbda71f04553082f47e71d6cd0eef6c,DIFFERENT,yes,yes
stock-backtester/market_intelligence_v3_6_overlay,stock_backtester_root/market_intelligence_v3_6_overlay,src/backtester/intelligence/historical_news_feature_builder.py,8278,26965bc61face11f02e6fe155b4accce7081360799ccfcdc343c416c28c76f27,DIFFERENT,yes,yes
stock-backtester/market_intelligence_v3_7_overlay,stock_backtester_root/market_intelligence_v3_7_overlay,docs/market_intelligence_v3_7.md,2858,a0dd39dd2b6da4ddc1dd264a4ca648988028813fe2bc2995d7b2fa62aba93ab5,IDENTICAL,yes,yes
stock-backtester/market_intelligence_v3_7_overlay,stock_backtester_root/market_intelligence_v3_7_overlay,scripts/score_historical_news_sentiment.py,1583,208bb4bf51d071c455fc7cc8b33191cb158e8f1cd3f7e16e7aa2b27e6496218b,DIFFERENT,yes,yes
stock-backtester/market_intelligence_v3_7_overlay,stock_backtester_root/market_intelligence_v3_7_overlay,src/backtester/intelligence/historical_news_feature_builder.py,8588,5454a3f1cc304a2277f5c887d37d05db16c13e818cf4ae7cb325848a3441bccd,DIFFERENT,yes,yes
stock-backtester/market_intelligence_v3_7_overlay,stock_backtester_root/market_intelligence_v3_7_overlay,src/backtester/intelligence/historical_news_sentiment.py,4781,4cf02a7ec7ca8c050ceec86efd916b0cdffd4056da7ae4df235525e73dfcbc0c,DIFFERENT,yes,yes
stock-backtester/market_intelligence_v3_8_overlay,stock_backtester_root/market_intelligence_v3_8_overlay,docs/market_intelligence_v3_8.md,5403,beb19d962a35eb11d57587cc6d8e33877757cc2acf199ec19785b813226c97c8,IDENTICAL,yes,yes
stock-backtester/market_intelligence_v3_8_overlay,stock_backtester_root/market_intelligence_v3_8_overlay,scripts/build_historical_news_features.py,2488,5c5d32a8e9e190354c3b5200d21720a27a83088f1436a06cc37f041ad738d2c0,DIFFERENT,yes,yes
stock-backtester/market_intelligence_v3_8_overlay,stock_backtester_root/market_intelligence_v3_8_overlay,scripts/merge_historical_sources.py,1150,36468bccf868b07d05f2975346b37811a5740d3561717e1d5bdaba35f94c924b,DIFFERENT,yes,yes
stock-backtester/market_intelligence_v3_8_overlay,stock_backtester_root/market_intelligence_v3_8_overlay,scripts/monte_carlo_walk_forward_predictions.py,10115,9825376cef531673c9343d3a872a7df0b194e388d5320c2c9d5cd84f69320091,DIFFERENT,yes,yes
stock-backtester/market_intelligence_v3_8_overlay,stock_backtester_root/market_intelligence_v3_8_overlay,scripts/run_intelligence_training_batch.py,10531,9da871ad85c296e25b18f90f86a003b4cf6fcf1e30defef4daf26edd51a9c22d,DIFFERENT,yes,yes
stock-backtester/market_intelligence_v3_8_overlay,stock_backtester_root/market_intelligence_v3_8_overlay,scripts/score_historical_news_sentiment.py,1823,7c4f138bcf07b6956b6badc451a8f5e3d6163092eb9365a1a2ef5118c8ffba49,DIFFERENT,yes,yes
stock-backtester/market_intelligence_v3_8_overlay,stock_backtester_root/market_intelligence_v3_8_overlay,src/backtester/intelligence/calibration_dataset.py,3709,bd9262ea7eaeb8ca1df2cac04b2325160b54448b2710ca8f13aadef43d62c194,DIFFERENT,yes,yes
stock-backtester/market_intelligence_v3_8_overlay,stock_backtester_root/market_intelligence_v3_8_overlay,src/backtester/intelligence/historical_news_feature_builder.py,8588,5454a3f1cc304a2277f5c887d37d05db16c13e818cf4ae7cb325848a3441bccd,DIFFERENT,yes,yes
stock-backtester/market_intelligence_v3_8_overlay,stock_backtester_root/market_intelligence_v3_8_overlay,src/backtester/intelligence/historical_news_sentiment.py,5074,adfc0a2a1178311a55c6e2d8eb7d2a1cce1683709547234d7aa13a98b2b962a0,DIFFERENT,yes,yes
stock-backtester/market_intelligence_v3_8_overlay,stock_backtester_root/market_intelligence_v3_8_overlay,src/backtester/intelligence/historical_source_merge.py,2657,5842283297d9576cf20fe82f9f87a46efa7f5a85e950ade872f7ed446980c7f5,DIFFERENT,yes,yes
stock-backtester/market_intelligence_v3_9_1_overlay,stock_backtester_root/market_intelligence_v3_9_1_overlay,docs/market_intelligence_v3_9_1.md,2801,6002e6ea486a5f831e2bd506c587e65247fc21615fe08ca1c0186fb0a44ad403,IDENTICAL,yes,yes
stock-backtester/market_intelligence_v3_9_1_overlay,stock_backtester_root/market_intelligence_v3_9_1_overlay,scripts/fetch_historical_news_sources.py,9195,73b32b12b4b33daa8c7e47b7a9c1bda798740fea0fd9f19f58020d626bf92eb6,DIFFERENT,yes,yes
stock-backtester/market_intelligence_v3_9_1_overlay,stock_backtester_root/market_intelligence_v3_9_1_overlay,src/backtester/intelligence/historical_news_collector.py,19582,7eb5324634d21f0d0248b915e5cfea06d3ec84474e56cf2eedc032e45a784ac4,DIFFERENT,yes,yes
stock-backtester/market_intelligence_v3_9_2_overlay,stock_backtester_root/market_intelligence_v3_9_2_overlay,docs/market_intelligence_v3_9_2.md,1243,bf703115644d1b57c8789d1e644682a082ce33daa2bbb0b85b385246c4fdd41d,IDENTICAL,yes,yes
stock-backtester/market_intelligence_v3_9_2_overlay,stock_backtester_root/market_intelligence_v3_9_2_overlay,scripts/monte_carlo_walk_forward_predictions.py,11181,d7bcba9cc86586216f0082be9674f14fb791dd863853bf658be092bea1036642,IDENTICAL,yes,yes
stock-backtester/market_intelligence_v3_9_2_overlay,stock_backtester_root/market_intelligence_v3_9_2_overlay,scripts/summarize_intelligence_training_run.py,1905,dc79eca035873ada50a2b48fc9721a6e49933b3852f17d3163587cf59a5ec156,IDENTICAL,yes,yes
stock-backtester/market_intelligence_v3_9_overlay,stock_backtester_root/market_intelligence_v3_9_overlay,docs/market_intelligence_v3_9.md,5681,5c8ab7049151e2e42d8b374c116b650c038309a9aafb277521965439d449c312,IDENTICAL,yes,yes
stock-backtester/market_intelligence_v3_9_overlay,stock_backtester_root/market_intelligence_v3_9_overlay,scripts/build_historical_news_features.py,2488,5c5d32a8e9e190354c3b5200d21720a27a83088f1436a06cc37f041ad738d2c0,DIFFERENT,yes,yes
stock-backtester/market_intelligence_v3_9_overlay,stock_backtester_root/market_intelligence_v3_9_overlay,scripts/fetch_historical_news_sources.py,5743,a9b2b9adc41e22d5d742e734f01f435dd47bed2491b832ef85bed55572f9cc17,DIFFERENT,yes,yes
stock-backtester/market_intelligence_v3_9_overlay,stock_backtester_root/market_intelligence_v3_9_overlay,scripts/merge_historical_sources.py,1354,c3c1d424413d1b45226b94b3b354eb042ae771613fee8caa464143bcb12e5b87,DIFFERENT,yes,yes
stock-backtester/market_intelligence_v3_9_overlay,stock_backtester_root/market_intelligence_v3_9_overlay,scripts/monte_carlo_walk_forward_predictions.py,10779,c578555c6a18407e55f4399721a3349bf4f10c4c7f1a8796e19d3a0f567c33bc,DIFFERENT,yes,yes
stock-backtester/market_intelligence_v3_9_overlay,stock_backtester_root/market_intelligence_v3_9_overlay,scripts/run_intelligence_training_batch.py,10796,b1f292246a3ab843196ac425f96fbc0eb24be7e25fe3b4882d07c7c02c28c96b,DIFFERENT,yes,yes
stock-backtester/market_intelligence_v3_9_overlay,stock_backtester_root/market_intelligence_v3_9_overlay,scripts/summarize_intelligence_training_run.py,1835,ed8f08137801c64fad7fd9cb987f05cfe422611967d2fbd41dac5e8885984357,DIFFERENT,yes,yes
stock-backtester/market_intelligence_v3_9_overlay,stock_backtester_root/market_intelligence_v3_9_overlay,src/backtester/intelligence/historical_news_collector.py,18466,59009883ad9e10242a7d0be859e921a5961fc8676327be9797b7a7455de8fa95,DIFFERENT,yes,yes
stock-backtester/market_intelligence_v3_9_overlay,stock_backtester_root/market_intelligence_v3_9_overlay,src/backtester/intelligence/historical_news_feature_builder.py,9539,980b43d3352725ef0330578ec95a3707150fd48559a9d8a35c775ee594af1a9e,DIFFERENT,yes,yes
stock-backtester/market_intelligence_v3_9_overlay,stock_backtester_root/market_intelligence_v3_9_overlay,src/backtester/intelligence/historical_source_merge.py,5886,8cad92cc81fddff17bc5f3d8919d704465fa9f91109879ca67a7e3c78f2d5f70,DIFFERENT,yes,yes
stock-backtester/market_intelligence_v4_0_overlay,stock_backtester_root/market_intelligence_v4_0_overlay,docs/market_intelligence_v4_0.md,2238,31284cfe772a0853f775ca6b1b34d2915396b17d27e248bee25e6c37b42e7ace,IDENTICAL,yes,yes
stock-backtester/market_intelligence_v4_0_overlay,stock_backtester_root/market_intelligence_v4_0_overlay,scripts/run_pool_intelligence_training.py,8417,402d3febb27841eff3351c922a70ca3dd0c140694e22ef657732dd1f864c28a5,DIFFERENT,yes,yes
stock-backtester/market_intelligence_v4_1_overlay,stock_backtester_root/market_intelligence_v4_1_overlay,docs/market_intelligence_v4_1.md,1966,85aea09412f1967705c06099b92cab930ad7e24626ce00add073e66509279a2d,IDENTICAL,yes,yes
stock-backtester/market_intelligence_v4_1_overlay,stock_backtester_root/market_intelligence_v4_1_overlay,scripts/monitor_intelligence_training.py,6994,f9c0c2e10b495be2fca53c1c4d3dd3bac483a4b9183faa82773cddcf1e8ef159,IDENTICAL,yes,yes
stock-backtester/market_intelligence_v4_2_overlay,stock_backtester_root/market_intelligence_v4_2_overlay,docs/market_intelligence_v4_2.md,2819,e495751366142d57f8f4220ec1ffadcf3e13157dbdb91d7edbba2e5063892d65,IDENTICAL,yes,yes
stock-backtester/market_intelligence_v4_2_overlay,stock_backtester_root/market_intelligence_v4_2_overlay,scripts/simulate_intelligence_equity_curves.py,16040,69f93ca288fe4b843d382b8f5106c5afa51c1fa079d79e8ecba37e837a918b51,DIFFERENT,yes,yes
stock-backtester/market_intelligence_v4_3_overlay,stock_backtester_root/market_intelligence_v4_3_overlay,docs/market_intelligence_v4_3.md,3902,d8c579967e8118e07d72a9762c5537dcd14cff179fe67c3fa0c5779c44b43342,DIFFERENT,yes,yes
stock-backtester/market_intelligence_v4_3_overlay,stock_backtester_root/market_intelligence_v4_3_overlay,scripts/build_historical_intelligence_panel_seed.py,1862,5011afc73b4f87db5c4e8a9c408ffdf69684fcdd2af95d89bf4381c9db3e0862,DIFFERENT,yes,yes
stock-backtester/market_intelligence_v4_3_overlay,stock_backtester_root/market_intelligence_v4_3_overlay,scripts/build_historical_news_features.py,2488,5c5d32a8e9e190354c3b5200d21720a27a83088f1436a06cc37f041ad738d2c0,DIFFERENT,yes,yes
stock-backtester/market_intelligence_v4_3_overlay,stock_backtester_root/market_intelligence_v4_3_overlay,scripts/fetch_historical_news_sources.py,9195,73b32b12b4b33daa8c7e47b7a9c1bda798740fea0fd9f19f58020d626bf92eb6,DIFFERENT,yes,yes
stock-backtester/market_intelligence_v4_3_overlay,stock_backtester_root/market_intelligence_v4_3_overlay,scripts/merge_historical_sources.py,1354,c3c1d424413d1b45226b94b3b354eb042ae771613fee8caa464143bcb12e5b87,DIFFERENT,yes,yes
stock-backtester/market_intelligence_v4_3_overlay,stock_backtester_root/market_intelligence_v4_3_overlay,scripts/monte_carlo_walk_forward_predictions.py,11181,d7bcba9cc86586216f0082be9674f14fb791dd863853bf658be092bea1036642,IDENTICAL,yes,yes
stock-backtester/market_intelligence_v4_3_overlay,stock_backtester_root/market_intelligence_v4_3_overlay,scripts/run_historical_intelligence_stress.py,17506,9e62563483389f5db84426c55456699683f6fbe4512d0fabc24529fd9925a64c,DIFFERENT,yes,yes
stock-backtester/market_intelligence_v4_3_overlay,stock_backtester_root/market_intelligence_v4_3_overlay,scripts/run_intelligence_training_batch.py,10796,b1f292246a3ab843196ac425f96fbc0eb24be7e25fe3b4882d07c7c02c28c96b,DIFFERENT,yes,yes
stock-backtester/market_intelligence_v4_3_overlay,stock_backtester_root/market_intelligence_v4_3_overlay,scripts/score_historical_news_sentiment.py,1823,7c4f138bcf07b6956b6badc451a8f5e3d6163092eb9365a1a2ef5118c8ffba49,DIFFERENT,yes,yes
stock-backtester/market_intelligence_v4_3_overlay,stock_backtester_root/market_intelligence_v4_3_overlay,scripts/simulate_intelligence_equity_curves.py,16040,69f93ca288fe4b843d382b8f5106c5afa51c1fa079d79e8ecba37e837a918b51,DIFFERENT,yes,yes
stock-backtester/market_intelligence_v4_3_overlay,stock_backtester_root/market_intelligence_v4_3_overlay,scripts/summarize_intelligence_training_run.py,1905,dc79eca035873ada50a2b48fc9721a6e49933b3852f17d3163587cf59a5ec156,IDENTICAL,yes,yes
stock-backtester/market_intelligence_v4_3_overlay,stock_backtester_root/market_intelligence_v4_3_overlay,src/backtester/intelligence/calibration_dataset.py,3709,bd9262ea7eaeb8ca1df2cac04b2325160b54448b2710ca8f13aadef43d62c194,DIFFERENT,yes,yes
stock-backtester/market_intelligence_v4_3_overlay,stock_backtester_root/market_intelligence_v4_3_overlay,src/backtester/intelligence/historical_news_collector.py,19582,7eb5324634d21f0d0248b915e5cfea06d3ec84474e56cf2eedc032e45a784ac4,DIFFERENT,yes,yes
stock-backtester/market_intelligence_v4_3_overlay,stock_backtester_root/market_intelligence_v4_3_overlay,src/backtester/intelligence/historical_news_feature_builder.py,8278,26965bc61face11f02e6fe155b4accce7081360799ccfcdc343c416c28c76f27,DIFFERENT,yes,yes
stock-backtester/market_intelligence_v4_3_overlay,stock_backtester_root/market_intelligence_v4_3_overlay,src/backtester/intelligence/historical_news_sentiment.py,5074,adfc0a2a1178311a55c6e2d8eb7d2a1cce1683709547234d7aa13a98b2b962a0,DIFFERENT,yes,yes
stock-backtester/market_intelligence_v4_3_overlay,stock_backtester_root/market_intelligence_v4_3_overlay,src/backtester/intelligence/historical_panel_builder.py,3392,13bb15ea8f1995840d365a13dd8e948e4af8547d555aca11e2abc2b5ae3af41c,DIFFERENT,yes,yes
stock-backtester/market_intelligence_v4_3_overlay,stock_backtester_root/market_intelligence_v4_3_overlay,src/backtester/intelligence/historical_source_merge.py,5886,8cad92cc81fddff17bc5f3d8919d704465fa9f91109879ca67a7e3c78f2d5f70,DIFFERENT,yes,yes
stock-backtester/market_intelligence_v4_4_overlay,stock_backtester_root/market_intelligence_v4_4_overlay,docs/market_intelligence_v4_4.md,2320,31dfd62e79a5c2748ed4ce07d3c17660ca87050c5333cfbdc905f673efe61ba8,DIFFERENT,yes,yes
stock-backtester/market_intelligence_v4_4_overlay,stock_backtester_root/market_intelligence_v4_4_overlay,scripts/sweep_ml_policy_strength.py,19497,69e84d9dc2f05f851f26d017600c5bc8734379f8dfafadbeff7afd25675fe3fb,DIFFERENT,yes,yes
stock-backtester/market_intelligence_v4_5_overlay,stock_backtester_root/market_intelligence_v4_5_overlay,docs/market_intelligence_v4_5.md,2381,9c29a393f68b801f150ec993e0c99331c396dad9408a596c34e9051eb3b00fee,DIFFERENT,yes,yes
stock-backtester/market_intelligence_v4_5_overlay,stock_backtester_root/market_intelligence_v4_5_overlay,scripts/apply_ml_policy_strength.py,10374,dfb27774642a44a28f2d56dac233044878c84a285497a94384e690bbbb8263ba,DIFFERENT,yes,yes
stock-backtester/market_intelligence_v4_7_overlay,stock_backtester_root/market_intelligence_v4_7_overlay,docs/market_intelligence_v4_7.md,2524,e010e4c70bf22fabbeece237658b67ce49bdb1563b68966dc89c4d6d532b35dc,DIFFERENT,yes,yes
stock-backtester/market_intelligence_v4_7_overlay,stock_backtester_root/market_intelligence_v4_7_overlay,scripts/validate_ml_policy_candidate.py,12258,1442233996c9ad773e1be6546534f5a629caa6acce6ed79c698c4416f1396155,DIFFERENT,yes,yes
stock-backtester/market_intelligence_v5_1_evidence_clean_overlay,stock_backtester_root/market_intelligence_v5_1_evidence_clean_overlay,docs/market_intelligence_v5_1_evidence_graph.md,3570,5a716fafbc652aef192905dde7843c21f2d3627fdd1c451b3b0e54d86fe20171,IDENTICAL,yes,yes
stock-backtester/market_intelligence_v5_1_evidence_clean_overlay,stock_backtester_root/market_intelligence_v5_1_evidence_clean_overlay,scripts/inspect_evidence_graph.py,3200,5b35eda16d835191b04048cfcc72d3dbf1758419a6db63b43e208b557f15aeaf,IDENTICAL,yes,yes
stock-backtester/market_intelligence_v5_1_evidence_clean_overlay,stock_backtester_root/market_intelligence_v5_1_evidence_clean_overlay,src/backtester/intelligence/claim_extractor.py,5420,11d81ba257b479da3bd4ec7c46f8704c2b78d1d1572c29671b0d9e2ecfbbf357,IDENTICAL,yes,yes
stock-backtester/market_intelligence_v5_1_evidence_clean_overlay,stock_backtester_root/market_intelligence_v5_1_evidence_clean_overlay,src/backtester/intelligence/evidence_graph.py,9709,37ce1d88ff7a5ac97b5f21baaf94a29d0b22ef8c1e50dd4f23460736d0bda93e,IDENTICAL,yes,yes
stock-backtester/market_intelligence_v5_1_evidence_clean_overlay,stock_backtester_root/market_intelligence_v5_1_evidence_clean_overlay,src/backtester/intelligence/evidence_scorer.py,2780,552a5c4eeac34d96c021ea97999e5f0becd13c7ab5c3894e024d645defc1293a,IDENTICAL,yes,yes
stock-backtester/market_intelligence_v5_1_evidence_clean_overlay,stock_backtester_root/market_intelligence_v5_1_evidence_clean_overlay,src/backtester/intelligence/intelligence_engine.py,4087,2343bbe79fa55f6212baf1e5cb2c3947f885a7da320bf21a9c1b26281a60fbeb,IDENTICAL,yes,yes
stock-backtester/market_intelligence_v5_1_evidence_clean_overlay,stock_backtester_root/market_intelligence_v5_1_evidence_clean_overlay,src/backtester/intelligence/schemas.py,2251,77c4bb04c8c172466ced76e6233d14de36a49aa7af5f7ab3fe521cd1aa3d0bc8,IDENTICAL,yes,yes
stock-backtester/market_intelligence_v5_1_evidence_clean_overlay,stock_backtester_root/market_intelligence_v5_1_evidence_clean_overlay,src/backtester/intelligence/source_loader.py,2228,e93393bcae5ee05519e00f59d88652a5fac8fd951b4d0d1ff89294e3af0dd27f,IDENTICAL,yes,yes
stock-backtester/market_intelligence_v5_2_1_sec_policy_overlay,stock_backtester_root/market_intelligence_v5_2_1_sec_policy_overlay,docs/market_intelligence_v5_2_1_sec_policy.md,1497,e6b727b3511a7f335fa3db9652536641c4f8b9ce0125b4ccd3050e724cb1cacf,IDENTICAL,yes,yes
stock-backtester/market_intelligence_v5_2_1_sec_policy_overlay,stock_backtester_root/market_intelligence_v5_2_1_sec_policy_overlay,src/backtester/intelligence/provider_policy.py,9565,28e15e1bc287c4392f129ec743b5e55c133df5cc214d9b49117ba8fd890fbc42,DIFFERENT,yes,yes
stock-backtester/market_intelligence_v5_2_1_sec_policy_overlay,stock_backtester_root/market_intelligence_v5_2_1_sec_policy_overlay,src/backtester/intelligence/sec_source_collector.py,8685,ae1bf9b5bf885ef312ec7246d3a2ea510872cd0911e01eb5ccc46028aed83a25,IDENTICAL,yes,yes
stock-backtester/market_intelligence_v5_2_policy_clean_overlay,stock_backtester_root/market_intelligence_v5_2_policy_clean_overlay,docs/market_intelligence_v5_2_provider_policy.md,3588,49c9e91632fd2fbde1d427023b8facf4c0479d061223378903d158bd9c3d99c5,IDENTICAL,yes,yes
stock-backtester/market_intelligence_v5_2_policy_clean_overlay,stock_backtester_root/market_intelligence_v5_2_policy_clean_overlay,scripts/fetch_historical_news_sources.py,10731,93e5d5ed8a62d001d345f446beca3f1c3be49d0baed18b3259e3f8714150d9be,DIFFERENT,yes,yes
stock-backtester/market_intelligence_v5_2_policy_clean_overlay,stock_backtester_root/market_intelligence_v5_2_policy_clean_overlay,scripts/merge_historical_sources.py,1629,f0905df693ab9e2f439dc30964b33358c3edbbe7dcdbdccc1e188e4fb7452f6c,IDENTICAL,yes,yes
stock-backtester/market_intelligence_v5_2_policy_clean_overlay,stock_backtester_root/market_intelligence_v5_2_policy_clean_overlay,src/backtester/intelligence/historical_news_collector.py,20023,153fc504fc005e54ade0970850e48e606987827fce3a4521bd3ce8fe0f9e5663,DIFFERENT,yes,yes
stock-backtester/market_intelligence_v5_2_policy_clean_overlay,stock_backtester_root/market_intelligence_v5_2_policy_clean_overlay,src/backtester/intelligence/historical_source_merge.py,6594,c81af4f803d83e0684cd4e9c7d29bf46fcb86c0f6970831dc5565b01b9b1608f,IDENTICAL,yes,yes
stock-backtester/market_intelligence_v5_2_policy_clean_overlay,stock_backtester_root/market_intelligence_v5_2_policy_clean_overlay,src/backtester/intelligence/provider_policy.py,8521,cf9840446f19ba96fa7148b8da7f1793d2c5eee29889ab2cd58364d90c45c4a4,DIFFERENT,yes,yes
stock-backtester/market_intelligence_v5_3_1_sentiment_policy_features_clean_overlay,stock_backtester_root/market_intelligence_v5_3_1_sentiment_policy_features_clean_overlay,docs/market_intelligence_v5_3_1_sentiment_policy_features.md,1058,3a0484e44a436881d41bfab9a9b30395d65ffef178150b13d54afbaff3f9e0ab,IDENTICAL,yes,yes
stock-backtester/market_intelligence_v5_3_1_sentiment_policy_features_clean_overlay,stock_backtester_root/market_intelligence_v5_3_1_sentiment_policy_features_clean_overlay,src/backtester/intelligence/historical_news_feature_builder.py,13726,1ae029da1ce8e3f2c019f86877e651b9b5e4d961005a2ed8b461490b63997bb4,DIFFERENT,yes,yes
stock-backtester/market_intelligence_v5_3_2_source_kind_features_clean_overlay,stock_backtester_root/market_intelligence_v5_3_2_source_kind_features_clean_overlay,docs/market_intelligence_v5_3_2_source_kind_features.md,1171,8afb2f67a81c6785a80510b11f6752624315598132aecd569d9d87d45de5709c,IDENTICAL,yes,yes
stock-backtester/market_intelligence_v5_3_2_source_kind_features_clean_overlay,stock_backtester_root/market_intelligence_v5_3_2_source_kind_features_clean_overlay,scripts/build_historical_news_features.py,2917,081f48677df1c603df4029d1febfdf63a8f2905c31eac652987cef3c78cb1e51,DIFFERENT,yes,yes
stock-backtester/market_intelligence_v5_3_2_source_kind_features_clean_overlay,stock_backtester_root/market_intelligence_v5_3_2_source_kind_features_clean_overlay,src/backtester/intelligence/historical_news_feature_builder.py,15949,f7502eca62684680709185789c507e18baa15fcbd03d777a4463539c82cc63f7,DIFFERENT,yes,yes
stock-backtester/market_intelligence_v5_3_policy_features_clean_overlay,stock_backtester_root/market_intelligence_v5_3_policy_features_clean_overlay,docs/market_intelligence_v5_3_policy_features.md,2507,0d59c20ae3db2a61492222b1e3dad5fc802ff05ce586abe70886846f3a59465f,IDENTICAL,yes,yes
stock-backtester/market_intelligence_v5_3_policy_features_clean_overlay,stock_backtester_root/market_intelligence_v5_3_policy_features_clean_overlay,scripts/build_historical_news_features.py,2763,885f97a513c55b086651fd7cfa37728ba16484a73e9457fff9c116198d5a283a,DIFFERENT,yes,yes
stock-backtester/market_intelligence_v5_3_policy_features_clean_overlay,stock_backtester_root/market_intelligence_v5_3_policy_features_clean_overlay,src/backtester/intelligence/historical_news_feature_builder.py,13488,b9c52afbc90e145e65db6f9e1d32fdd1e706209f48de21f59eb82a2428de84aa,DIFFERENT,yes,yes
stock-backtester/market_intelligence_v5_4_1_entity_false_positive_overlay,stock_backtester_root/market_intelligence_v5_4_1_entity_false_positive_overlay,docs/market_intelligence_v5_4_1_entity_false_positive.md,925,0957caf4ddb6306a4f1c62f5bba1f8a5a55c04165ae864080adc69d7cd2911f1,IDENTICAL,yes,yes
stock-backtester/market_intelligence_v5_4_1_entity_false_positive_overlay,stock_backtester_root/market_intelligence_v5_4_1_entity_false_positive_overlay,scripts/resolve_entities.py,1343,bda356735987a68cbb08583d4aa7dcd062f92aadb6e754fc1bb173c9ee461c00,IDENTICAL,yes,yes
stock-backtester/market_intelligence_v5_4_1_entity_false_positive_overlay,stock_backtester_root/market_intelligence_v5_4_1_entity_false_positive_overlay,src/backtester/intelligence/entity_resolver.py,13286,f93e57f89322971e20aac3d51f27cfd95214391ffb357b230205ed2416b05fcc,IDENTICAL,yes,yes
stock-backtester/market_intelligence_v5_4_entity_master_overlay,stock_backtester_root/market_intelligence_v5_4_entity_master_overlay,docs/market_intelligence_v5_4_entity_master.md,2973,0e741fa47b0c0c0bafbe702c4f552721f365b27caa79130da414f4c330fe45c3,IDENTICAL,yes,yes
stock-backtester/market_intelligence_v5_4_entity_master_overlay,stock_backtester_root/market_intelligence_v5_4_entity_master_overlay,scripts/build_entity_master.py,8420,f293f1a22cb893ab1a1d0ffa6f6b103311ac15813c901938b3ff00d04fbf3a05,IDENTICAL,yes,yes
stock-backtester/market_intelligence_v5_4_entity_master_overlay,stock_backtester_root/market_intelligence_v5_4_entity_master_overlay,scripts/resolve_entities.py,1343,bda356735987a68cbb08583d4aa7dcd062f92aadb6e754fc1bb173c9ee461c00,IDENTICAL,yes,yes
stock-backtester/market_intelligence_v5_4_entity_master_overlay,stock_backtester_root/market_intelligence_v5_4_entity_master_overlay,src/backtester/intelligence/entity_extractor.py,682,05608206b7114ca7cf7238a21c545bfadb99b89b21b02700e11afacc3e52fb8e,IDENTICAL,yes,yes
stock-backtester/market_intelligence_v5_4_entity_master_overlay,stock_backtester_root/market_intelligence_v5_4_entity_master_overlay,src/backtester/intelligence/entity_resolver.py,10963,53353689a0ec1cecea25488dbd7653e36a1bc7657bc365d0af5a2729584d934e,DIFFERENT,yes,yes
stock-backtester/market_intelligence_v5_4_entity_master_overlay,stock_backtester_root/market_intelligence_v5_4_entity_master_overlay,src/backtester/intelligence/provider_policy.py,8447,408a6ad08f631dd7673146c4775dc18535c730a754b91f2c7e1f57f5bc47a09c,DIFFERENT,yes,yes
stock-backtester/market_intelligence_v5_5_1_request_budget_overlay,stock_backtester_root/market_intelligence_v5_5_1_request_budget_overlay,docs/market_intelligence_v5_5_1_request_budget.md,1960,5609659abeace0182b30fe93079e23c17a50f5639bc163dc89827d893b758ab7,IDENTICAL,yes,yes
stock-backtester/market_intelligence_v5_5_1_request_budget_overlay,stock_backtester_root/market_intelligence_v5_5_1_request_budget_overlay,docs/market_intelligence_v5_5_entity_search.md,1580,95bde0702c76bc34aa715d3a284c51e288b7928feb17253187a0d63a36842fcc,IDENTICAL,yes,yes
stock-backtester/market_intelligence_v5_5_1_request_budget_overlay,stock_backtester_root/market_intelligence_v5_5_1_request_budget_overlay,scripts/fetch_historical_news_sources.py,13436,c17a3433dc9f337ed74116a858cc99010efec8dfe662e8e6e95ca0e9c341672d,DIFFERENT,yes,yes
stock-backtester/market_intelligence_v5_5_1_request_budget_overlay,stock_backtester_root/market_intelligence_v5_5_1_request_budget_overlay,src/backtester/intelligence/entity_resolver.py,13286,f93e57f89322971e20aac3d51f27cfd95214391ffb357b230205ed2416b05fcc,IDENTICAL,yes,yes
stock-backtester/market_intelligence_v5_5_1_request_budget_overlay,stock_backtester_root/market_intelligence_v5_5_1_request_budget_overlay,src/backtester/intelligence/historical_news_collector.py,25001,bd76bba307fc8d4b7c68244cd004c9027b006255bc481da384e9db8cf83884aa,DIFFERENT,yes,yes
stock-backtester/market_intelligence_v5_5_1_request_budget_overlay,stock_backtester_root/market_intelligence_v5_5_1_request_budget_overlay,src/backtester/intelligence/historical_source_collector.py,11552,9e786ee19240741f3c73b15841dbfd565406ab8d406c5e700f27ce977c1615b3,IDENTICAL,yes,yes
stock-backtester/market_intelligence_v5_5_1_request_budget_overlay,stock_backtester_root/market_intelligence_v5_5_1_request_budget_overlay,src/backtester/intelligence/provider_policy.py,8447,408a6ad08f631dd7673146c4775dc18535c730a754b91f2c7e1f57f5bc47a09c,DIFFERENT,yes,yes
stock-backtester/market_intelligence_v5_5_entity_search_overlay,stock_backtester_root/market_intelligence_v5_5_entity_search_overlay,docs/market_intelligence_v5_5_entity_search.md,1580,95bde0702c76bc34aa715d3a284c51e288b7928feb17253187a0d63a36842fcc,IDENTICAL,yes,yes
stock-backtester/market_intelligence_v5_5_entity_search_overlay,stock_backtester_root/market_intelligence_v5_5_entity_search_overlay,scripts/fetch_historical_news_sources.py,12167,4f881c5f8a4bdc11f066175d95607b6d696cdb291db79f69b7485c6a1143ba69,DIFFERENT,yes,yes
stock-backtester/market_intelligence_v5_5_entity_search_overlay,stock_backtester_root/market_intelligence_v5_5_entity_search_overlay,src/backtester/intelligence/entity_resolver.py,13286,f93e57f89322971e20aac3d51f27cfd95214391ffb357b230205ed2416b05fcc,IDENTICAL,yes,yes
stock-backtester/market_intelligence_v5_5_entity_search_overlay,stock_backtester_root/market_intelligence_v5_5_entity_search_overlay,src/backtester/intelligence/historical_news_collector.py,21955,835a4c36ff313b4423591ce16ac72e01a5f64e131325bafa686ab125fb24d1d6,DIFFERENT,yes,yes
stock-backtester/market_intelligence_v5_5_entity_search_overlay,stock_backtester_root/market_intelligence_v5_5_entity_search_overlay,src/backtester/intelligence/historical_source_collector.py,11552,9e786ee19240741f3c73b15841dbfd565406ab8d406c5e700f27ce977c1615b3,IDENTICAL,yes,yes
stock-backtester/market_intelligence_v5_5_entity_search_overlay,stock_backtester_root/market_intelligence_v5_5_entity_search_overlay,src/backtester/intelligence/provider_policy.py,8447,408a6ad08f631dd7673146c4775dc18535c730a754b91f2c7e1f57f5bc47a09c,DIFFERENT,yes,yes
stock-backtester/market_intelligence_v5_6_1_rss_relevance_overlay,stock_backtester_root/market_intelligence_v5_6_1_rss_relevance_overlay,docs/market_intelligence_v5_6_1_rss_relevance.md,1694,4dba1056077c0d588fdb809bdeb5c90d9f54d555102b9e16dd9916347ab6486a,IDENTICAL,yes,yes
stock-backtester/market_intelligence_v5_6_1_rss_relevance_overlay,stock_backtester_root/market_intelligence_v5_6_1_rss_relevance_overlay,scripts/fetch_historical_news_sources.py,14309,e93ca401f430a2d0c90ce2922620e2ac4e4fe5c55bbc0fe2d5a9ae7c32c31109,DIFFERENT,yes,yes
stock-backtester/market_intelligence_v5_6_1_rss_relevance_overlay,stock_backtester_root/market_intelligence_v5_6_1_rss_relevance_overlay,src/backtester/intelligence/entity_resolver.py,13286,f93e57f89322971e20aac3d51f27cfd95214391ffb357b230205ed2416b05fcc,IDENTICAL,yes,yes
stock-backtester/market_intelligence_v5_6_1_rss_relevance_overlay,stock_backtester_root/market_intelligence_v5_6_1_rss_relevance_overlay,src/backtester/intelligence/historical_news_collector.py,36170,46feeedef85bc65b21a9992e5db1ed2d911e9982d01f54ab70be16a64ffd8102,DIFFERENT,yes,yes
stock-backtester/market_intelligence_v5_6_1_rss_relevance_overlay,stock_backtester_root/market_intelligence_v5_6_1_rss_relevance_overlay,src/backtester/intelligence/historical_source_collector.py,11552,9e786ee19240741f3c73b15841dbfd565406ab8d406c5e700f27ce977c1615b3,IDENTICAL,yes,yes
stock-backtester/market_intelligence_v5_6_1_rss_relevance_overlay,stock_backtester_root/market_intelligence_v5_6_1_rss_relevance_overlay,src/backtester/intelligence/provider_policy.py,9430,6250f10800cea76b890b87fefb0d086977786aba473b06c0f1330149397493ce,IDENTICAL,yes,yes
stock-backtester/market_intelligence_v5_6_2_text_relevance_overlay,stock_backtester_root/market_intelligence_v5_6_2_text_relevance_overlay,docs/market_intelligence_v5_6_2_text_relevance.md,1284,8955f0c3c60e062c8814bc4f01f2180bf7878a986504160df209748e594249f1,IDENTICAL,yes,yes
stock-backtester/market_intelligence_v5_6_2_text_relevance_overlay,stock_backtester_root/market_intelligence_v5_6_2_text_relevance_overlay,scripts/fetch_historical_news_sources.py,14309,e93ca401f430a2d0c90ce2922620e2ac4e4fe5c55bbc0fe2d5a9ae7c32c31109,DIFFERENT,yes,yes
stock-backtester/market_intelligence_v5_6_2_text_relevance_overlay,stock_backtester_root/market_intelligence_v5_6_2_text_relevance_overlay,src/backtester/intelligence/entity_resolver.py,13286,f93e57f89322971e20aac3d51f27cfd95214391ffb357b230205ed2416b05fcc,IDENTICAL,yes,yes
stock-backtester/market_intelligence_v5_6_2_text_relevance_overlay,stock_backtester_root/market_intelligence_v5_6_2_text_relevance_overlay,src/backtester/intelligence/historical_news_collector.py,37488,b70c8431a7ef129e59b94d09e8304f609893213f1c50f2239ba9f135455ec656,DIFFERENT,yes,yes
stock-backtester/market_intelligence_v5_6_2_text_relevance_overlay,stock_backtester_root/market_intelligence_v5_6_2_text_relevance_overlay,src/backtester/intelligence/historical_source_collector.py,11552,9e786ee19240741f3c73b15841dbfd565406ab8d406c5e700f27ce977c1615b3,IDENTICAL,yes,yes
stock-backtester/market_intelligence_v5_6_2_text_relevance_overlay,stock_backtester_root/market_intelligence_v5_6_2_text_relevance_overlay,src/backtester/intelligence/provider_policy.py,9430,6250f10800cea76b890b87fefb0d086977786aba473b06c0f1330149397493ce,IDENTICAL,yes,yes
stock-backtester/market_intelligence_v5_6_3_rss_title_gate_overlay,stock_backtester_root/market_intelligence_v5_6_3_rss_title_gate_overlay,docs/market_intelligence_v5_6_2_text_relevance.md,1284,8955f0c3c60e062c8814bc4f01f2180bf7878a986504160df209748e594249f1,IDENTICAL,yes,yes
stock-backtester/market_intelligence_v5_6_3_rss_title_gate_overlay,stock_backtester_root/market_intelligence_v5_6_3_rss_title_gate_overlay,docs/market_intelligence_v5_6_3_rss_title_gate.md,1175,b51daca2aefc9caaf08973af1ad79557f977db5f1746a43c60ec286eaadf769e,IDENTICAL,yes,yes
stock-backtester/market_intelligence_v5_6_3_rss_title_gate_overlay,stock_backtester_root/market_intelligence_v5_6_3_rss_title_gate_overlay,scripts/fetch_historical_news_sources.py,14612,5c2e5b201fde86d23b0e396efa3f75e5af65246c4bdde6d9aefffc48eb9816be,IDENTICAL,yes,yes
stock-backtester/market_intelligence_v5_6_3_rss_title_gate_overlay,stock_backtester_root/market_intelligence_v5_6_3_rss_title_gate_overlay,src/backtester/intelligence/entity_resolver.py,13286,f93e57f89322971e20aac3d51f27cfd95214391ffb357b230205ed2416b05fcc,IDENTICAL,yes,yes
stock-backtester/market_intelligence_v5_6_3_rss_title_gate_overlay,stock_backtester_root/market_intelligence_v5_6_3_rss_title_gate_overlay,src/backtester/intelligence/historical_news_collector.py,39703,aefbdf551b7e6e655accc0c01a3246c066d6031f186c5978309efaaf95391654,DIFFERENT,yes,yes
stock-backtester/market_intelligence_v5_6_3_rss_title_gate_overlay,stock_backtester_root/market_intelligence_v5_6_3_rss_title_gate_overlay,src/backtester/intelligence/historical_source_collector.py,11552,9e786ee19240741f3c73b15841dbfd565406ab8d406c5e700f27ce977c1615b3,IDENTICAL,yes,yes
stock-backtester/market_intelligence_v5_6_3_rss_title_gate_overlay,stock_backtester_root/market_intelligence_v5_6_3_rss_title_gate_overlay,src/backtester/intelligence/provider_policy.py,9430,6250f10800cea76b890b87fefb0d086977786aba473b06c0f1330149397493ce,IDENTICAL,yes,yes
stock-backtester/market_intelligence_v5_6_rss_historical_overlay,stock_backtester_root/market_intelligence_v5_6_rss_historical_overlay,docs/market_intelligence_v5_5_1_request_budget.md,1960,5609659abeace0182b30fe93079e23c17a50f5639bc163dc89827d893b758ab7,IDENTICAL,yes,yes
stock-backtester/market_intelligence_v5_6_rss_historical_overlay,stock_backtester_root/market_intelligence_v5_6_rss_historical_overlay,docs/market_intelligence_v5_5_entity_search.md,1580,95bde0702c76bc34aa715d3a284c51e288b7928feb17253187a0d63a36842fcc,IDENTICAL,yes,yes
stock-backtester/market_intelligence_v5_6_rss_historical_overlay,stock_backtester_root/market_intelligence_v5_6_rss_historical_overlay,docs/market_intelligence_v5_6_rss_historical.md,2604,328d7fad776655d001555ea568bacff684b0f0cdf3c973b223d8d5d7a4f678db,IDENTICAL,yes,yes
stock-backtester/market_intelligence_v5_6_rss_historical_overlay,stock_backtester_root/market_intelligence_v5_6_rss_historical_overlay,scripts/fetch_historical_news_sources.py,13951,a6b7a74c29beaa314c2ddb1575932694ceea42498bfa86da1c647cf92736c8f2,DIFFERENT,yes,yes
stock-backtester/market_intelligence_v5_6_rss_historical_overlay,stock_backtester_root/market_intelligence_v5_6_rss_historical_overlay,src/backtester/intelligence/entity_resolver.py,13286,f93e57f89322971e20aac3d51f27cfd95214391ffb357b230205ed2416b05fcc,IDENTICAL,yes,yes
stock-backtester/market_intelligence_v5_6_rss_historical_overlay,stock_backtester_root/market_intelligence_v5_6_rss_historical_overlay,src/backtester/intelligence/historical_news_collector.py,34951,60eea0051313b38efd4ad07df69413b777b74994f4427dd57feacbfec673dd74,DIFFERENT,yes,yes
stock-backtester/market_intelligence_v5_6_rss_historical_overlay,stock_backtester_root/market_intelligence_v5_6_rss_historical_overlay,src/backtester/intelligence/historical_source_collector.py,11552,9e786ee19240741f3c73b15841dbfd565406ab8d406c5e700f27ce977c1615b3,IDENTICAL,yes,yes
stock-backtester/market_intelligence_v5_6_rss_historical_overlay,stock_backtester_root/market_intelligence_v5_6_rss_historical_overlay,src/backtester/intelligence/provider_policy.py,9430,6250f10800cea76b890b87fefb0d086977786aba473b06c0f1330149397493ce,IDENTICAL,yes,yes
stock-backtester/market_intelligence_v5_7_1_training_launcher_fix_overlay,stock_backtester_root/market_intelligence_v5_7_1_training_launcher_fix_overlay,docs/market_intelligence_v5_7_1_training_launcher_fix.md,1038,294958492f86982dcc17aacf494a1a3b9e8cddbc4b85a1935b476168bcef3fc3,IDENTICAL,yes,yes
stock-backtester/market_intelligence_v5_7_1_training_launcher_fix_overlay,stock_backtester_root/market_intelligence_v5_7_1_training_launcher_fix_overlay,scripts/launch_long_intelligence_training.py,9427,2357de18cefd405e333d786df8c975d78f43aafb34201f19a06cb1576a760882,DIFFERENT,yes,yes
stock-backtester/market_intelligence_v5_7_1_training_launcher_fix_overlay,stock_backtester_root/market_intelligence_v5_7_1_training_launcher_fix_overlay,scripts/monitor_long_intelligence_training.py,2146,f7a102af865fe8d65650f24f7c6861b66bad6e72c7f9aa1b1f571466d3464699,IDENTICAL,yes,yes
stock-backtester/market_intelligence_v5_7_2_training_launcher_prices_overlay,stock_backtester_root/market_intelligence_v5_7_2_training_launcher_prices_overlay,docs/market_intelligence_v5_7_2_training_launcher_prices.md,1096,2946c2ad0df81bcdb8a7fd5eb01ebf91157f7cb3020f74fb7a0c1ff9df790b48,IDENTICAL,yes,yes
stock-backtester/market_intelligence_v5_7_2_training_launcher_prices_overlay,stock_backtester_root/market_intelligence_v5_7_2_training_launcher_prices_overlay,scripts/launch_long_intelligence_training.py,9719,cf9e7aeaa99049ea871224caf662d898638284b44fac2c27443efd7db618411a,DIFFERENT,yes,yes
stock-backtester/market_intelligence_v5_7_2_training_launcher_prices_overlay,stock_backtester_root/market_intelligence_v5_7_2_training_launcher_prices_overlay,scripts/monitor_long_intelligence_training.py,2146,f7a102af865fe8d65650f24f7c6861b66bad6e72c7f9aa1b1f571466d3464699,IDENTICAL,yes,yes
stock-backtester/market_intelligence_v5_7_long_training_launcher_overlay,stock_backtester_root/market_intelligence_v5_7_long_training_launcher_overlay,docs/market_intelligence_v5_7_long_training_launcher.md,2067,f43e7e35e4df10d395ea47703fb397039123c27f570e9d21d18be5b9810fedb5,IDENTICAL,yes,yes
stock-backtester/market_intelligence_v5_7_long_training_launcher_overlay,stock_backtester_root/market_intelligence_v5_7_long_training_launcher_overlay,scripts/launch_long_intelligence_training.py,8697,0d648e8744c41a37c7b9c81dce06f9b6840e6a6da6390e1be74965fae1de7da3,DIFFERENT,yes,yes
stock-backtester/market_intelligence_v5_7_long_training_launcher_overlay,stock_backtester_root/market_intelligence_v5_7_long_training_launcher_overlay,scripts/monitor_long_intelligence_training.py,2146,f7a102af865fe8d65650f24f7c6861b66bad6e72c7f9aa1b1f571466d3464699,IDENTICAL,yes,yes
